Name,Address,Borough,Coordinate
Eltingville Post Office,"4455 Amboy Rd, Staten Island, NY 10312",Staten Island,"(40.5449001, -74.1628515)"
Ferry Terminal Post Office,"3 Ferry Terminal Dr, Staten Island, NY 10301",Staten Island,"(40.64409819999999, -74.0725489)"
Great Kills Post Office,"1 Nelson Ave, Staten Island, NY 10308",Staten Island,"(40.55078, -74.1509594)"
Mariners Harbor Finance Post Office,"2079 Forest Ave Ste 1, Staten Island, NY 10303",Staten Island,"(40.6265833, -74.15857249999999)"
New Dorp Post Office,"2562 Hylan Blvd, Staten Island, NY 10306",Staten Island,"(40.568405, -74.11032349999999)"
New Springville Post Office,"2845 Richmond Ave Ste 15, Staten Island, NY 10314",Staten Island,"(40.5760294, -74.1682984)"
Port Richmond Post Office,"364 Port Richmond Ave, Staten Island, NY 10302",Staten Island,"(40.63307229999999, -74.1371628)"
Princes Bay Post Office,"645 Rossville Ave Ste 3, Staten Island, NY 10309",Staten Island,"(40.542817, -74.20779809999999)"
Rosebank Post Office,"567 Tompkins Ave, Staten Island, NY 10305",Staten Island,"(40.6123583, -74.07081459999999)"
Saint George Post Office,"45 Bay St Ste 2, Staten Island, NY 10301",Staten Island,"(40.6410619, -74.0754497)"
South Shore Annex Post Office,"3031 Veterans Rd W, Staten Island, NY 10309",Staten Island,"(40.5271631, -74.23545279999999)"
Stapleton Post Office,"160 Tompkins Ave, Staten Island, NY 10304",Staten Island,"(40.6204298, -74.077713)"
Staten Island Post Office,"550 Manor Rd Ste 1, Staten Island, NY 10314",Staten Island,"(40.61434999999999, -74.12317019999999)"
Staten Island 2 Post Office,"550 Manor Rd Ste 8, Staten Island, NY 10314",Staten Island,"(40.61434999999999, -74.12317019999999)"
Tottenville Post Office,"228 Main St, Staten Island, NY 10307",Staten Island,"(40.5095008, -74.24762179999999)"
West New Brighton Post Office,"1015 Castleton Ave, Staten Island, NY 10310",Staten Island,"(40.6348656, -74.116334)"
Adelphi Post Office,"950 Fulton St, Brooklyn, NY 11238",Brooklyn,"(40.6822874, -73.96275419999999)"
Bath Beach Post Office,"1865 Benson Ave, Brooklyn, NY 11214",Brooklyn,"(40.6042007, -74.0026987)"
Bay Post Office,"2628 E 18th St, Brooklyn, NY 11235",Brooklyn,"(40.58762249999999, -73.9516007)"
Bay Ridge Post Office,"5501 7th Ave, Brooklyn, NY 11220",Brooklyn,"(40.6393337, -74.0087585)"
Blythebourne Post Office,"1200 51st St, Brooklyn, NY 11219",Brooklyn,"(40.6348998, -73.9954401)"
Brevoort Post Office,"1205 Atlantic Ave, Brooklyn, NY 11216",Brooklyn,"(40.6787992, -73.95095909999999)"
Brighton Post Office,"3157 Coney Island Ave Ste 1, Brooklyn, NY 11235",Brooklyn,"(40.5791015, -73.9594153)"
Brownsville Post Office,"167 Bristol St, Brooklyn, NY 11212",Brooklyn,"(40.6672908, -73.9116866)"
Bush Terminal Carrier Annex Post Office,"147 41st St Ste 1, Brooklyn, NY 11232",Brooklyn,"(40.6548654, -74.0125316)"
Bush Terminal Retail Post Office,"775 4th Ave Ste 2, Brooklyn, NY 11232",Brooklyn,"(40.6594116, -73.9986627)"
Bushwick Post Office,"1369 Broadway, Brooklyn, NY 11221",Brooklyn,"(40.6894779, -73.9215154)"
Cadman Plaza Post Office,"271 Cadman Plz E Ste 2, Brooklyn, NY 11201",Brooklyn,"(40.69590729999999, -73.9899798)"
Canarsie Post Office,"10201 Flatlands Ave, Brooklyn, NY 11236",Brooklyn,"(40.6464764, -73.896892)"
Coney Island Post Office,"2727 Mermaid Ave, Brooklyn, NY 11224",Brooklyn,"(40.575962, -73.9940677)"
Cypress Hills Post Office,"222 Crescent St, Brooklyn, NY 11208",Brooklyn,"(40.6839287, -73.87248129999999)"
Dumbo Apc Post Office,"84 Front St Ste Apc, Brooklyn, NY 11201",Brooklyn,"(40.7023198, -73.98925799999999)"
Dyker Heights Post Office,"8320 13th Ave, Brooklyn, NY 11228",Brooklyn,"(40.6155364, -74.0127983)"
East New York Post Office,"2645 Atlantic Ave, Brooklyn, NY 11207",Brooklyn,"(40.6761475, -73.896575)"
Farragut Post Office,"1284 Utica Ave, Brooklyn, NY 11203",Brooklyn,"(40.6412558, -73.92957559999999)"
Flatbush Post Office,"2273 Church Ave, Brooklyn, NY 11226",Brooklyn,"(40.6507865, -73.956385)"
Fort Ham Military Post Office,"301 General Lee Ave, Brooklyn, NY 11209",Brooklyn,"(40.6078653, -74.0278809)"
Fort Hamilton Post Office,"8801 5th Ave, Brooklyn, NY 11209",Brooklyn,"(40.6198523, -74.02716629999999)"
Gravesend Post Office,"344 Avenue U, Brooklyn, NY 11223",Brooklyn,"(40.59682650000001, -73.97170799999999)"
Greenpoint Post Office,"66 Meserole Ave, Brooklyn, NY 11222",Brooklyn,"(40.7263098, -73.9544921)"
Halsey Post Office,"805 Macdonough St, Brooklyn, NY 11233",Brooklyn,"(40.6845711, -73.91395250000001)"
Highlawn Post Office,"1714 W 6th St Ste 1, Brooklyn, NY 11223",Brooklyn,"(40.6054746, -73.97941019999999)"
Homecrest Post Office,"2302 Avenue U, Brooklyn, NY 11229",Brooklyn,"(40.5995265, -73.9483583)"
Homecrest 2 Post Office,"2370 E 19th St, Brooklyn, NY 11229",Brooklyn,"(40.5931767, -73.9517335)"
James E Davis Post Office,"315 Empire Blvd, Brooklyn, NY 11225",Brooklyn,"(40.6641168, -73.95182539999999)"
Kensington Post Office,"419 McDonald Ave, Brooklyn, NY 11218",Brooklyn,"(40.6438492, -73.979238)"
Kingsway Post Office,"1610 E 19th St Ste 1, Brooklyn, NY 11229",Brooklyn,"(40.6106397, -73.9550746)"
Major Robert Owens Post Office,"1234 Saint Johns Pl, Brooklyn, NY 11213",Brooklyn,"(40.6706032, -73.93750399999999)"
Martin Luther King Jr Post Office,"9402 Church Ave, Brooklyn, NY 11212",Brooklyn,"(40.6545638, -73.91667079999999)"
Metropolitan Post Office,"47 Debevoise St, Brooklyn, NY 11206",Brooklyn,"(40.7018292, -73.9412522)"
Midwood Post Office,"1288 Coney Island Ave, Brooklyn, NY 11230",Brooklyn,"(40.6260931, -73.9656376)"
Midwood Annex Post Office,"1632 McDonald Ave, Brooklyn, NY 11230",Brooklyn,"(40.612904, -73.974143)"
Municipal Post Office,"210 Joralemon St Fl 1, Brooklyn, NY 11201",Brooklyn,"(40.6920472, -73.99043619999999)"
Neptune Post Office,"626 Sheepshead Bay Rd Ste 8, Brooklyn, NY 11224",Brooklyn,"(40.57886, -73.9753506)"
New Lots Post Office,"1223 Sutter Ave, Brooklyn, NY 11208",Brooklyn,"(40.6729095, -73.87255019999999)"
Newkirk Post Office,"1525 Newkirk Ave Ste 1, Brooklyn, NY 11226",Brooklyn,"(40.6361279, -73.96265939999999)"
Nostrand Post Office,"2934 Avenue X, Brooklyn, NY 11235",Brooklyn,"(40.5935983, -73.94013819999999)"
Ovington Post Office,"6803 4th Ave Ste 1, Brooklyn, NY 11220",Brooklyn,"(40.6350357, -74.0229696)"
Ozone Park Carrier Annex Post Office,"1050 Forbell St Rm 2098, Brooklyn, NY 11256",Brooklyn,"(40.6635394, -73.862869)"
Park Slope Post Office,"198 7th Ave Ste a, Brooklyn, NY 11215",Brooklyn,"(40.6709952, -73.9783427)"
Parkville Post Office,"6618 20th Ave, Brooklyn, NY 11204",Brooklyn,"(40.6156849, -73.9870892)"
Pratt Post Office,"609 Myrtle Ave Ste a, Brooklyn, NY 11205",Brooklyn,"(40.69439819999999, -73.9595886)"
Prospect Park West Post Office,"225 Prospect Park W Ste a, Brooklyn, NY 11215",Brooklyn,"(40.6599634, -73.98040879999999)"
Red Hook Post Office,"615 Clinton St, Brooklyn, NY 11231",Brooklyn,"(40.6740812, -74.0018723)"
Restoration Plaza Post Office,"1360 Fulton St Ste 1, Brooklyn, NY 11216",Brooklyn,"(40.679977, -73.946568)"
Rugby Post Office,"726 Utica Ave, Brooklyn, NY 11203",Brooklyn,"(40.6555512, -73.931095)"
Ryder Post Office,"1739 E 45th St, Brooklyn, NY 11234",Brooklyn,"(40.6182088, -73.9313437)"
Ryder Retail Post Office,"2222 Flatbush Ave, Brooklyn, NY 11234",Brooklyn,"(40.6153779, -73.9292541)"
Shirley a Chisholm Post Office,"1915 Fulton St, Brooklyn, NY 11233",Brooklyn,"(40.6790166, -73.9201934)"
Spring Creek Post Office,"1310 Pennsylvania Ave Ste 1, Brooklyn, NY 11239",Brooklyn,"(40.6487176, -73.883218)"
Sunset Post Office,"6102 5th Ave Ste 1, Brooklyn, NY 11220",Brooklyn,"(40.6389277, -74.01701419999999)"
Times Plaza Post Office,"539 Atlantic Ave, Brooklyn, NY 11217",Brooklyn,"(40.6851273, -73.97958609999999)"
Times Plaza Annex Post Office,"594 Dean St, Brooklyn, NY 11238",Brooklyn,"(40.6804526, -73.9702387)"
Van Brunt Post Office,"275 9th St, Brooklyn, NY 11215",Brooklyn,"(40.66986259999999, -73.9871359)"
Vanderveer Post Office,"2319 Nostrand Ave, Brooklyn, NY 11210",Brooklyn,"(40.6284295, -73.946911)"
Williamsburg Post Office,"263 S 4th St, Brooklyn, NY 11211",Brooklyn,"(40.7100902, -73.9572439)"
Wyckoff Heights Post Office,"86 Wyckoff Ave, Brooklyn, NY 11237",Brooklyn,"(40.70437, -73.9197701)"
26 Federal Plaza Post Office,"26 Federal Plz Lobby 1, New York, NY 10278",Manhattan,"(40.7153737, -74.0042596)"
Ansonia Post Office,"178 Columbus Ave, New York, NY 10023",Manhattan,"(40.7748237, -73.9809643)"
Appraisers Stores Post Office,"580 5th Ave Ste 407, New York, NY 10036",Manhattan,"(40.7569997, -73.9791104)"
Audubon Post Office,"511 W 165th St, New York, NY 10032",Manhattan,"(40.8386214, -73.93895789999999)"
Bryant Post Office,"23 W 43rd St, New York, NY 10036",Manhattan,"(40.7548048, -73.98155229999999)"
Canal Street Post Office,"350 Canal St Ste 2a, New York, NY 10013",Manhattan,"(40.7204824, -74.00403639999999)"
Cathedral Post Office,"215 W 104th St, New York, NY 10025",Manhattan,"(40.79988650000001, -73.96725409999999)"
Centralized Parcel Post Post Office,"341 9th Ave Bsmt Bb30, New York, NY 10199",Manhattan,"(40.7505048, -73.99879)"
Cherokee Post Office,"1483 York Ave Front 1, New York, NY 10075",Manhattan,"(40.7711333, -73.9508409)"
Chinatown Post Office,"6 Doyers St, New York, NY 10013",Manhattan,"(40.714453, -73.9979012)"
Church Street Post Office,"90 Church St Fl 1, New York, NY 10007",Manhattan,"(40.7127311, -74.01068649999999)"
College Station Post Office,"217 W 140th St, New York, NY 10030",Manhattan,"(40.8192729, -73.9425492)"
Colonial Park Post Office,"99 Macombs Pl, New York, NY 10039",Manhattan,"(40.8276918, -73.93644139999999)"
Columbia University Post Office,"534 W 112th St, New York, NY 10025",Manhattan,"(40.8049422, -73.9649629)"
Columbus Circle Post Office,"27 W 60th St, New York, NY 10023",Manhattan,"(40.76964410000001, -73.9833283)"
Cooper Post Office,"93 4th Ave, New York, NY 10003",Manhattan,"(40.7320147, -73.9897567)"
Fdr Station Post Office,"909 3rd Ave Office, New York, NY 10022",Manhattan,"(40.7583293, -73.96798869999999)"
Fort George Post Office,"4558 Broadway, New York, NY 10040",Manhattan,"(40.858922, -73.93107309999999)"
Fort Washington Post Office,"556 W 158th St Front 1, New York, NY 10032",Manhattan,"(40.8342918, -73.9440219)"
Gracie Post Office,"229 E 85th St, New York, NY 10028",Manhattan,"(40.7777356, -73.9527897)"
Grand Central Post Office,"450 Lexington Ave Fl 2, New York, NY 10017",Manhattan,"(40.7532476, -73.97546969999999)"
Greeley Square Post Office,"4 E 27th St, New York, NY 10001",Manhattan,"(40.7437685, -73.9874179)"
Hamilton Grange Station Post Office,"521 W 146th St, New York, NY 10031",Manhattan,"(40.82670359999999, -73.94831239999999)"
Hanover Post Office,"1 Hanover St Fl 1, New York, NY 10005",Manhattan,"(40.70558399999999, -74.00872000000001)"
Hellgate Station Post Office,"153 E 110th St, New York, NY 10029",Manhattan,"(40.7947814, -73.94383499999999)"
High Line Finance Post Office,"426a W 14th St, New York, NY 10014",Manhattan,"(40.741256, -74.006843)"
Inwood Post Office,"90 Vermilyea Ave, New York, NY 10034",Manhattan,"(40.8662514, -73.92289319999999)"
James a Farley Post Office,"421 8th Ave, New York, NY 10001",Manhattan,"(40.7515125, -73.9963224)"
Knickerbocker Post Office,"128 E Broadway, New York, NY 10002",Manhattan,"(40.7141469, -73.9918872)"
Lenox Hill Post Office,"217 E 70th St, New York, NY 10021",Manhattan,"(40.7680878, -73.9600909)"
Lenox Hill North Post Office,"909 3rd Ave Ste 400, New York, NY 10022",Manhattan,"(40.7583293, -73.96798869999999)"
Lenox Hill South Post Office,"909 3rd Ave Ste 401, New York, NY 10022",Manhattan,"(40.7583293, -73.96798869999999)"
Lincolnton Post Office,"2266 5th Ave, New York, NY 10037",Manhattan,"(40.8152095, -73.9362117)"
London Terrace Post Office,"234 10th Ave, New York, NY 10011",Manhattan,"(40.7481458, -74.0036062)"
Madison Square Post Office,"149 E 23rd St, New York, NY 10010",Manhattan,"(40.7395252, -73.9836502)"
Manhattanville Post Office,"365 W 125th St Ste 2a, New York, NY 10027",Manhattan,"(40.8114473, -73.9531111)"
Midtown Post Office,"223 W 38th St, New York, NY 10018",Manhattan,"(40.7542806, -73.9900275)"
Morningside Post Office,"232 W 116th St, New York, NY 10026",Manhattan,"(40.80360719999999, -73.9542362)"
Morningside Annex Post Office,"365 W 125th St Ste 2b, New York, NY 10027",Manhattan,"(40.8114473, -73.9531111)"
Murray Hill Post Office,"115 E 34th St Front 1, New York, NY 10016",Manhattan,"(40.7468519, -73.9802933)"
Murray Hill Annex Post Office,"205 E 36th St, New York, NY 10016",Manhattan,"(40.7468821, -73.9766382)"
Old Chelsea Post Office,"217 W 18th St, New York, NY 10011",Manhattan,"(40.7416733, -73.9987543)"
Parcel Post Annex Post Office,"909 3rd Ave Ste 300, New York, NY 10022",Manhattan,"(40.7583293, -73.96798869999999)"
Park West Post Office,"700 Columbus Ave Front 4, New York, NY 10025",Manhattan,"(40.7921145, -73.9683676)"
Patchin Post Office,"70 W 10th St, New York, NY 10011",Manhattan,"(40.7345466, -73.99855219999999)"
Peck Slip Post Office,"114 John St, New York, NY 10038",Manhattan,"(40.7075453, -74.00593909999999)"
Peter Stuyvesant Post Office,"335 E 14th St, New York, NY 10009",Manhattan,"(40.731838, -73.9831428)"
Pitt Post Office,"185 Clinton St, New York, NY 10002",Manhattan,"(40.7153795, -73.9872784)"
Planetarium Post Office,"127 W 83rd St, New York, NY 10024",Manhattan,"(40.7851049, -73.9745088)"
Prince Annex Post Office,"350 Canal St Ste 2b, New York, NY 10013",Manhattan,"(40.7204824, -74.00403639999999)"
Radio City Post Office,"322 W 52nd St, New York, NY 10019",Manhattan,"(40.7638541, -73.9864517)"
Rcu Annex Post Office,"340 W 42nd St Fl 3, New York, NY 10036",Manhattan,"(40.7577238, -73.99196309999999)"
Rockefeller Center Post Office,"610 5th Ave Ste Conc1, New York, NY 10020",Manhattan,"(40.7582908, -73.97776879999999)"
Roosevelt Island Post Office,"694 Main St, New York, NY 10044",Manhattan,"(40.765033, -73.94631199999999)"
Times Square Post Office,"340 W 42nd St Fl 2, New York, NY 10036",Manhattan,"(40.75789, -73.99187549999999)"
Tompkins Square Post Office,"244 E 3rd St, New York, NY 10009",Manhattan,"(40.7218247, -73.9815096)"
Triborough New Post Office,"118 E 124th St, New York, NY 10035",Manhattan,"(40.8038564, -73.93882649999999)"
Tudor City Ssp Post Office,"5 Tudor City Pl Front 4, New York, NY 10017",Manhattan,"(40.7479794, -73.9708635)"
Village Post Office,"201 Varick St Front 1, New York, NY 10014",Manhattan,"(40.7280675, -74.0056795)"
Washington Bridge Post Office,"518 W 181st St, New York, NY 10033",Manhattan,"(40.8484903, -73.9320943)"
West Village Post Office,"527 Hudson St Front a, New York, NY 10014",Manhattan,"(40.734125, -74.0064417)"
Whitehall Post Office,"1 Whitehall St Front 2, New York, NY 10004",Manhattan,"(40.7036792, -74.0129778)"
Yorkville Post Office,"1617 3rd Ave, New York, NY 10128",Manhattan,"(40.78162409999999, -73.9516859)"
Allerton Post Office,"2815 White Plains Rd, Bronx, NY 10467",Bronx,"(40.8669988, -73.8676117)"
Baychester Post Office,"1525 E Gun Hill Rd, Bronx, NY 10469",Bronx,"(40.8681965, -73.84124930000002)"
Botanical Post Office,"2963 Webster Ave, Bronx, NY 10458",Bronx,"(40.8677965, -73.8832544)"
Boulevard Post Office,"1132 Southern Blvd, Bronx, NY 10459",Bronx,"(40.8274627, -73.8916141)"
Bronx Post Office,"558 Grand Concourse, Bronx, NY 10451",Bronx,"(40.8188782, -73.92652149999999)"
Bronx Gpo Annex Post Office,"1313 Inwood Ave, Bronx, NY 10452",Bronx,"(40.8387697, -73.920385)"
Castle Hill Post Office,"1163 Castle Hill Ave, Bronx, NY 10462",Bronx,"(40.83135980000001, -73.85111839999999)"
City Island Post Office,"199 City Island Ave, Bronx, NY 10464",Bronx,"(40.8435707, -73.785522)"
Clason Point Post Office,"829 Soundview Ave, Bronx, NY 10473",Bronx,"(40.82195900000001, -73.8674243)"
Co Op City Post Office,"3300 Conner St, Bronx, NY 10475",Bronx,"(40.8824896, -73.82219429999999)"
Cornell Post Office,"1950 Lafayette Ave, Bronx, NY 10473",Bronx,"(40.8216494, -73.8574356)"
Cranford Post Office,"690 E 241st St, Bronx, NY 10470",Bronx,"(40.9034226, -73.85086869999999)"
Dreiser Loop Post Office,"179 Dreiser Loop, Bronx, NY 10475",Bronx,"(40.876545, -73.8289779)"
Einstein Post Office,"127 Einstein Loop, Bronx, NY 10475",Bronx,"(40.8646006, -73.82243869999999)"
Esplanade Post Office,"2488 Williamsbridge Rd, Bronx, NY 10469",Bronx,"(40.86269739999999, -73.85753729999999)"
Fieldston Post Office,"444 W 238th St, Bronx, NY 10463",Bronx,"(40.8871214, -73.9050103)"
Fordham Post Office,"465 E 188th St, Bronx, NY 10458",Bronx,"(40.858736, -73.8907497)"
Highbridge Post Office,"1315 Inwood Ave, Bronx, NY 10452",Bronx,"(40.8387658, -73.9203213)"
Hillside Post Office,"3482 Boston Rd, Bronx, NY 10469",Bronx,"(40.87656519999999, -73.84687989999999)"
Hub Post Office,"633 Saint Anns Ave, Bronx, NY 10455",Bronx,"(40.816331, -73.912183)"
Hunts Point Post Office,"800 Manida St, Bronx, NY 10474",Bronx,"(40.8170041, -73.8888121)"
Jerome Station Post Office,"2549 Jerome Ave, Bronx, NY 10468",Bronx,"(40.8649722, -73.89979819999999)"
Kingsbridge Post Office,"5517 Broadway, Bronx, NY 10463",Bronx,"(40.8773697, -73.90635859999999)"
Melcourt Post Office,"860 Melrose Ave Front 2, Bronx, NY 10451",Bronx,"(40.8237321, -73.9138947)"
Morris Heights Post Office,"2024 Jerome Ave, Bronx, NY 10453",Bronx,"(40.8529834, -73.90764469999999)"
Morris Park Post Office,"1807 Williamsbridge Rd Front 1, Bronx, NY 10461",Bronx,"(40.8505872, -73.85181930000002)"
Morrisania Post Office,"442 E 167th St, Bronx, NY 10456",Bronx,"(40.8299607, -73.9088389)"
Mosholu Post Office,"3464 Jerome Ave, Bronx, NY 10467",Bronx,"(40.88165499999999, -73.8819216)"
Mott Haven Post Office,"517 E 139th St, Bronx, NY 10454",Bronx,"(40.8082287, -73.91804669999999)"
Mount Carmel Post Office,"652 E 187th St Front 1, Bronx, NY 10458",Bronx,"(40.854695, -73.8861982)"
Parkchester Post Office,"1449 West Ave, Bronx, NY 10462",Bronx,"(40.83656120000001, -73.8620041)"
Parkway Post Office,"2100 White Plains Rd Front 3, Bronx, NY 10462",Bronx,"(40.8535365, -73.86740329999999)"
Pilgrim Post Office,"1545 Crosby Ave Front 1, Bronx, NY 10461",Bronx,"(40.8434974, -73.8305752)"
Riverdale Post Office,"5951 Riverdale Ave, Bronx, NY 10471",Bronx,"(40.9076178, -73.9041548)"
Soundview Post Office,"1687 Gleason Ave, Bronx, NY 10472",Bronx,"(40.8294526, -73.8710342)"
Spuyten Duyvil Post Office,"562 Kappock St, Bronx, NY 10463",Bronx,"(40.878744, -73.91708799999999)"
Stadium Post Office,"901 Gerard Ave Front 1, Bronx, NY 10452",Bronx,"(40.8283719, -73.9247279)"
Throggs Neck Post Office,"3630 E Tremont Ave, Bronx, NY 10465",Bronx,"(40.8279776, -73.8241702)"
Tremont Post Office,"575 E Tremont Ave, Bronx, NY 10457",Bronx,"(40.8467333, -73.893819)"
University Heights Post Office,"1541 Shakespeare Ave Front 1, Bronx, NY 10452",Bronx,"(40.84568609999999, -73.91942809999999)"
Van Cott Post Office,"3102 Decatur Ave, Bronx, NY 10467",Bronx,"(40.8715252, -73.8777183)"
Wakefield Post Office,"4165 White Plains Rd, Bronx, NY 10466",Bronx,"(40.8926133, -73.8581707)"
West Farms Post Office,"362 Devoe Ave, Bronx, NY 10460",Bronx,"(40.8395671, -73.8774826)"
Westchester Post Office,"2619 Ponton Ave, Bronx, NY 10461",Bronx,"(40.8422811, -73.84305499999999)"
Williamsbridge Post Office,"711 E Gun Hill Rd, Bronx, NY 10467",Bronx,"(40.877441, -73.8653836)"
Woodlawn Post Office,"4364 Katonah Ave, Bronx, NY 10470",Bronx,"(40.9008374, -73.86749689999999)"
Arverne Post Office,"329 Beach 59th St, Arverne, NY 11692",Queens,"(40.5935133, -73.7894745)"
Astoria Post Office,"3011 21st St Ste a, Astoria, NY 11102",Queens,"(40.7693093, -73.9279619)"
Broadway Post Office,"2117 Broadway, Astoria, NY 11106",Queens,"(40.7650759, -73.9303971)"
Grand Post Office,"4508 30th Ave Ste a, Astoria, NY 11103",Queens,"(40.7616727, -73.910837)"
Steinway Post Office,"4304 Broadway, Astoria, NY 11103",Queens,"(40.7575125, -73.9166844)"
Bay Terrace Post Office,"21271 26th Ave, Bayside, NY 11360",Queens,"(40.7787477, -73.7776628)"
Bayside Post Office,"21235 42nd Ave Ste 2, Bayside, NY 11361",Queens,"(40.7628289, -73.77179869999999)"
Bayside Annex Post Office,"4129 216th St, Bayside, NY 11361",Queens,"(40.7633222, -73.7661262)"
Cambria Heights Post Office,"22901 Linden Blvd, Cambria Heights, NY 11411",Queens,"(40.6928349, -73.7318801)"
College Point Post Office,"12007 15th Ave, College Point, NY 11356",Queens,"(40.7843094, -73.84728199999999)"
Corona-a Post Office,"10328 Roosevelt Ave, Corona, NY 11368",Queens,"(40.74960840000001, -73.86177719999999)"
East Elmhurst Post Office,"9107 25th Ave, East Elmhurst, NY 11369",Queens,"(40.7642011, -73.8781405)"
Trainsmeadow Post Office,"7577 31st Ave, East Elmhurst, NY 11370",Queens,"(40.7602048, -73.8912534)"
Elmhurst Post Office,"5901 Junction Blvd, Elmhurst, NY 11373",Queens,"(40.73526409999999, -73.8646584)"
Far Rockaway Post Office,"1836 Mott Ave, Far Rockaway, NY 11691",Queens,"(40.603466, -73.75058969999999)"
Flushing Post Office,"4165 Main St Ste 1, Flushing, NY 11355",Queens,"(40.7564345, -73.8283921)"
Kew Gardens Hills Post Office,"7523 Main St, Flushing, NY 11367",Queens,"(40.7232545, -73.8196255)"
Linden Hill Post Office,"2950 Union St Ste a, Flushing, NY 11354",Queens,"(40.7708967, -73.8268813)"
Station a Post Office,"4003 164th St, Flushing, NY 11358",Queens,"(40.7613428, -73.80169910000001)"
Forest Hills Post Office,"10628 Queens Blvd, Forest Hills, NY 11375",Queens,"(40.7217316, -73.8469666)"
Parkside Post Office,"10119 Metropolitan Ave, Forest Hills, NY 11375",Queens,"(40.71069, -73.85115979999999)"
Fresh Meadows Post Office,"19220 Horace Harding Expy, Fresh Meadows, NY 11365",Queens,"(40.7413855, -73.78312129999999)"
Fresh Meadows 2 Post Office,"19304 Horace Harding Expy Ste a, Fresh Meadows, NY 11365",Queens,"(40.741339, -73.7829127)"
Pomonok Post Office,"15805 71st Ave, Fresh Meadows, NY 11365",Queens,"(40.7304913, -73.8102956)"
Utopia Post Office,"18204 Union Turnpike, Fresh Meadows, NY 11366",Queens,"(40.7274294, -73.7859012)"
Glen Oaks Post Office,"25629 Union Turnpike, Glen Oaks, NY 11004",Queens,"(40.7459283, -73.7147778)"
Hollis Post Office,"19740 Jamaica Ave, Hollis, NY 11423",Queens,"(40.7132172, -73.7616216)"
Holliswood Post Office,"19733 Hillside Ave, Hollis, NY 11423",Queens,"(40.7190156, -73.7647702)"
Howard Beach Post Office,"16050 Crossbay Blvd, Howard Beach, NY 11414",Queens,"(40.655967, -73.83947119999999)"
Station B Post Office,"10212 159th Ave, Howard Beach, NY 11414",Queens,"(40.66027709999999, -73.8310068)"
Jackson Heights Post Office,"7802 37th Ave, Jackson Heights, NY 11372",Queens,"(40.7491759, -73.8874331)"
Junction Boulevard Post Office,"3323 Junction Blvd Ste 1, Jackson Heights, NY 11372",Queens,"(40.7561538, -73.8730444)"
Archer Ave Post Office,"9703 Sutphin Blvd, Jamaica, NY 11435",Queens,"(40.6972596, -73.805262)"
Borough Hall Post Office,"12055 Queens Blvd Ste 8, Jamaica, NY 11424",Queens,"(40.7139263, -73.8281241)"
Briarwood Post Office,"13869 Queens Blvd, Jamaica, NY 11435",Queens,"(40.7073054, -73.8169839)"
Jamaica Post Office,"8840 164th St, Jamaica, NY 11432",Queens,"(40.70771480000001, -73.7977009)"
John F Kennedy Airport Post Office,"250 N Boundary Rd Ste 1, Jamaica, NY 11430",Queens,"(40.6534223, -73.7676852)"
Rochdale Carrier Annex Post Office,"12045 168th St, Jamaica, NY 11434",Queens,"(40.6814469, -73.7760907)"
Rochdale Village Post Office,"165100 Baisley Blvd, Jamaica, NY 11434",Queens,"(40.67838320000001, -73.7768556)"
Kew Gardens Post Office,"8330 Austin St, Kew Gardens, NY 11415",Queens,"(40.7086908, -73.8292596)"
Horace Harding Post Office,"5601 Marathon Pkwy, Little Neck, NY 11362",Queens,"(40.7602558, -73.7313106)"
Little Neck Post Office,"25010 Northern Blvd, Little Neck, NY 11362",Queens,"(40.7683888, -73.73707480000002)"
Long Island City Post Office,"4602 21st St, Long Island City, NY 11101",Queens,"(40.7457097, -73.9484842)"
Plaza Post Office,"4254 23rd St, Long Island City, NY 11101",Queens,"(40.7501162, -73.94355720000001)"
Woolsey Post Office,"2268 31st St, Long Island City, NY 11105",Queens,"(40.7749459, -73.9128341)"
Maspeth Post Office,"5502 69th St, Maspeth, NY 11378",Queens,"(40.7275933, -73.8957784)"
Middle Village Post Office,"7135 Metropolitan Ave, Middle Village, NY 11379",Queens,"(40.7127489, -73.8833686)"
Oakland Gardens Post Office,"6143 Springfield Blvd, Oakland Gardens, NY 11364",Queens,"(40.7480604, -73.755769)"
Ozone Park Post Office,"9111 Liberty Ave, Ozone Park, NY 11417",Queens,"(40.68034309999999, -73.84728199999999)"
Queens Village Post Office,"20920 Jamaica Ave, Queens Village, NY 11428",Queens,"(40.7145026, -73.7504518)"
Rego Park Post Office,"9224 Queens Blvd, Rego Park, NY 11374",Queens,"(40.7322217, -73.8682319)"
Richmond Hill Post Office,"12201 Jamaica Ave, Richmond Hill, NY 11418",Queens,"(40.7007918, -73.8278681)"
Rockaway Beach Post Office,"9014 Rockaway Beach Blvd, Rockaway Beach, NY 11693",Queens,"(40.5870446, -73.8144744)"
Rockaway Park Post Office,"11325 Beach Channel Dr, Rockaway Park, NY 11694",Queens,"(40.5820076, -73.8364343)"
Rosedale Post Office,"14506 243rd St, Rosedale, NY 11422",Queens,"(40.6596155, -73.7401089)"
Saint Albans Post Office,"19504 Linden Blvd, Saint Albans, NY 11412",Queens,"(40.6930961, -73.756391)"
South Ozone Park Post Office,"12615 Foch Blvd, South Ozone Park, NY 11420",Queens,"(40.6756429, -73.8112577)"
South Richmond Hill Post Office,"11704 101st Ave, South Richmond Hill, NY 11419",Queens,"(40.68939, -73.82734119999999)"
Springfield Gardens Post Office,"21810 Merrick Blvd, Springfield Gardens, NY 11413",Queens,"(40.6792932, -73.7512333)"
Sunnyside Post Office,"4515 44th St, Sunnyside, NY 11104",Queens,"(40.74268989999999, -73.9204175)"
Whitestone Post Office,"1444 150th St, Whitestone, NY 11357",Queens,"(40.7878267, -73.8137392)"
Woodhaven Post Office,"8642 Forest Pkwy, Woodhaven, NY 11421",Queens,"(40.6927192, -73.8614326)"
Woodside Post Office,"3925 61st St, Woodside, NY 11377",Queens,"(40.74621339999999, -73.9026431)"