Name,Address,Borough
Eltingville Post Office,"4455 Amboy Rd, Staten Island, NY 10312",Staten Island
Ferry Terminal Post Office,"3 Ferry Terminal Dr, Staten Island, NY 10301",Staten Island
Great Kills Post Office,"1 Nelson Ave, Staten Island, NY 10308",Staten Island
Mariners Harbor Finance Post Office,"2079 Forest Ave Ste 1, Staten Island, NY 10303",Staten Island
New Dorp Post Office,"2562 Hylan Blvd, Staten Island, NY 10306",Staten Island
New Springville Post Office,"2845 Richmond Ave Ste 15, Staten Island, NY 10314",Staten Island
Port Richmond Post Office,"364 Port Richmond Ave, Staten Island, NY 10302",Staten Island
Princes Bay Post Office,"645 Rossville Ave Ste 3, Staten Island, NY 10309",Staten Island
Rosebank Post Office,"567 Tompkins Ave, Staten Island, NY 10305",Staten Island
Saint George Post Office,"45 Bay St Ste 2, Staten Island, NY 10301",Staten Island
South Shore Annex Post Office,"3031 Veterans Rd W, Staten Island, NY 10309",Staten Island
Stapleton Post Office,"160 Tompkins Ave, Staten Island, NY 10304",Staten Island
Staten Island Post Office,"550 Manor Rd Ste 1, Staten Island, NY 10314",Staten Island
Staten Island 2 Post Office,"550 Manor Rd Ste 8, Staten Island, NY 10314",Staten Island
Tottenville Post Office,"228 Main St, Staten Island, NY 10307",Staten Island
West New Brighton Post Office,"1015 Castleton Ave, Staten Island, NY 10310",Staten Island
Adelphi Post Office,"950 Fulton St, Brooklyn, NY 11238",Brooklyn
Bath Beach Post Office,"1865 Benson Ave, Brooklyn, NY 11214",Brooklyn
Bay Post Office,"2628 E 18th St, Brooklyn, NY 11235",Brooklyn
Bay Ridge Post Office,"5501 7th Ave, Brooklyn, NY 11220",Brooklyn
Blythebourne Post Office,"1200 51st St, Brooklyn, NY 11219",Brooklyn
Brevoort Post Office,"1205 Atlantic Ave, Brooklyn, NY 11216",Brooklyn
Brighton Post Office,"3157 Coney Island Ave Ste 1, Brooklyn, NY 11235",Brooklyn
Brownsville Post Office,"167 Bristol St, Brooklyn, NY 11212",Brooklyn
Bush Terminal Carrier Annex Post Office,"147 41st St Ste 1, Brooklyn, NY 11232",Brooklyn
Bush Terminal Retail Post Office,"775 4th Ave Ste 2, Brooklyn, NY 11232",Brooklyn
Bushwick Post Office,"1369 Broadway, Brooklyn, NY 11221",Brooklyn
Cadman Plaza Post Office,"271 Cadman Plz E Ste 2, Brooklyn, NY 11201",Brooklyn
Canarsie Post Office,"10201 Flatlands Ave, Brooklyn, NY 11236",Brooklyn
Coney Island Post Office,"2727 Mermaid Ave, Brooklyn, NY 11224",Brooklyn
Cypress Hills Post Office,"222 Crescent St, Brooklyn, NY 11208",Brooklyn
Dumbo Apc Post Office,"84 Front St Ste Apc, Brooklyn, NY 11201",Brooklyn
Dyker Heights Post Office,"8320 13th Ave, Brooklyn, NY 11228",Brooklyn
East New York Post Office,"2645 Atlantic Ave, Brooklyn, NY 11207",Brooklyn
Farragut Post Office,"1284 Utica Ave, Brooklyn, NY 11203",Brooklyn
Flatbush Post Office,"2273 Church Ave, Brooklyn, NY 11226",Brooklyn
Fort Ham Military Post Office,"301 General Lee Ave, Brooklyn, NY 11209",Brooklyn
Fort Hamilton Post Office,"8801 5th Ave, Brooklyn, NY 11209",Brooklyn
Gravesend Post Office,"344 Avenue U, Brooklyn, NY 11223",Brooklyn
Greenpoint Post Office,"66 Meserole Ave, Brooklyn, NY 11222",Brooklyn
Halsey Post Office,"805 Macdonough St, Brooklyn, NY 11233",Brooklyn
Highlawn Post Office,"1714 W 6th St Ste 1, Brooklyn, NY 11223",Brooklyn
Homecrest Post Office,"2302 Avenue U, Brooklyn, NY 11229",Brooklyn
Homecrest 2 Post Office,"2370 E 19th St, Brooklyn, NY 11229",Brooklyn
James E Davis Post Office,"315 Empire Blvd, Brooklyn, NY 11225",Brooklyn
Kensington Post Office,"419 McDonald Ave, Brooklyn, NY 11218",Brooklyn
Kingsway Post Office,"1610 E 19th St Ste 1, Brooklyn, NY 11229",Brooklyn
Major Robert Owens Post Office,"1234 Saint Johns Pl, Brooklyn, NY 11213",Brooklyn
Martin Luther King Jr Post Office,"9402 Church Ave, Brooklyn, NY 11212",Brooklyn
Metropolitan Post Office,"47 Debevoise St, Brooklyn, NY 11206",Brooklyn
Midwood Post Office,"1288 Coney Island Ave, Brooklyn, NY 11230",Brooklyn
Midwood Annex Post Office,"1632 McDonald Ave, Brooklyn, NY 11230",Brooklyn
Municipal Post Office,"210 Joralemon St Fl 1, Brooklyn, NY 11201",Brooklyn
Neptune Post Office,"626 Sheepshead Bay Rd Ste 8, Brooklyn, NY 11224",Brooklyn
New Lots Post Office,"1223 Sutter Ave, Brooklyn, NY 11208",Brooklyn
Newkirk Post Office,"1525 Newkirk Ave Ste 1, Brooklyn, NY 11226",Brooklyn
Nostrand Post Office,"2934 Avenue X, Brooklyn, NY 11235",Brooklyn
Ovington Post Office,"6803 4th Ave Ste 1, Brooklyn, NY 11220",Brooklyn
Ozone Park Carrier Annex Post Office,"1050 Forbell St Rm 2098, Brooklyn, NY 11256",Brooklyn
Park Slope Post Office,"198 7th Ave Ste a, Brooklyn, NY 11215",Brooklyn
Parkville Post Office,"6618 20th Ave, Brooklyn, NY 11204",Brooklyn
Pratt Post Office,"609 Myrtle Ave Ste a, Brooklyn, NY 11205",Brooklyn
Prospect Park West Post Office,"225 Prospect Park W Ste a, Brooklyn, NY 11215",Brooklyn
Red Hook Post Office,"615 Clinton St, Brooklyn, NY 11231",Brooklyn
Restoration Plaza Post Office,"1360 Fulton St Ste 1, Brooklyn, NY 11216",Brooklyn
Rugby Post Office,"726 Utica Ave, Brooklyn, NY 11203",Brooklyn
Ryder Post Office,"1739 E 45th St, Brooklyn, NY 11234",Brooklyn
Ryder Retail Post Office,"2222 Flatbush Ave, Brooklyn, NY 11234",Brooklyn
Shirley a Chisholm Post Office,"1915 Fulton St, Brooklyn, NY 11233",Brooklyn
Spring Creek Post Office,"1310 Pennsylvania Ave Ste 1, Brooklyn, NY 11239",Brooklyn
Sunset Post Office,"6102 5th Ave Ste 1, Brooklyn, NY 11220",Brooklyn
Times Plaza Post Office,"539 Atlantic Ave, Brooklyn, NY 11217",Brooklyn
Times Plaza Annex Post Office,"594 Dean St, Brooklyn, NY 11238",Brooklyn
Van Brunt Post Office,"275 9th St, Brooklyn, NY 11215",Brooklyn
Vanderveer Post Office,"2319 Nostrand Ave, Brooklyn, NY 11210",Brooklyn
Williamsburg Post Office,"263 S 4th St, Brooklyn, NY 11211",Brooklyn
Wyckoff Heights Post Office,"86 Wyckoff Ave, Brooklyn, NY 11237",Brooklyn
26 Federal Plaza Post Office,"26 Federal Plz Lobby 1, New York, NY 10278",Manhattan
Ansonia Post Office,"178 Columbus Ave, New York, NY 10023",Manhattan
Appraisers Stores Post Office,"580 5th Ave Ste 407, New York, NY 10036",Manhattan
Audubon Post Office,"511 W 165th St, New York, NY 10032",Manhattan
Bryant Post Office,"23 W 43rd St, New York, NY 10036",Manhattan
Canal Street Post Office,"350 Canal St Ste 2a, New York, NY 10013",Manhattan
Cathedral Post Office,"215 W 104th St, New York, NY 10025",Manhattan
Centralized Parcel Post Post Office,"341 9th Ave Bsmt Bb30, New York, NY 10199",Manhattan
Cherokee Post Office,"1483 York Ave Front 1, New York, NY 10075",Manhattan
Chinatown Post Office,"6 Doyers St, New York, NY 10013",Manhattan
Church Street Post Office,"90 Church St Fl 1, New York, NY 10007",Manhattan
College Station Post Office,"217 W 140th St, New York, NY 10030",Manhattan
Colonial Park Post Office,"99 Macombs Pl, New York, NY 10039",Manhattan
Columbia University Post Office,"534 W 112th St, New York, NY 10025",Manhattan
Columbus Circle Post Office,"27 W 60th St, New York, NY 10023",Manhattan
Cooper Post Office,"93 4th Ave, New York, NY 10003",Manhattan
Fdr Station Post Office,"909 3rd Ave Office, New York, NY 10022",Manhattan
Fort George Post Office,"4558 Broadway, New York, NY 10040",Manhattan
Fort Washington Post Office,"556 W 158th St Front 1, New York, NY 10032",Manhattan
Gracie Post Office,"229 E 85th St, New York, NY 10028",Manhattan
Grand Central Post Office,"450 Lexington Ave Fl 2, New York, NY 10017",Manhattan
Greeley Square Post Office,"4 E 27th St, New York, NY 10001",Manhattan
Hamilton Grange Station Post Office,"521 W 146th St, New York, NY 10031",Manhattan
Hanover Post Office,"1 Hanover St Fl 1, New York, NY 10005",Manhattan
Hellgate Station Post Office,"153 E 110th St, New York, NY 10029",Manhattan
High Line Finance Post Office,"426a W 14th St, New York, NY 10014",Manhattan
Inwood Post Office,"90 Vermilyea Ave, New York, NY 10034",Manhattan
James a Farley Post Office,"421 8th Ave, New York, NY 10001",Manhattan
Knickerbocker Post Office,"128 E Broadway, New York, NY 10002",Manhattan
Lenox Hill Post Office,"217 E 70th St, New York, NY 10021",Manhattan
Lenox Hill North Post Office,"909 3rd Ave Ste 400, New York, NY 10022",Manhattan
Lenox Hill South Post Office,"909 3rd Ave Ste 401, New York, NY 10022",Manhattan
Lincolnton Post Office,"2266 5th Ave, New York, NY 10037",Manhattan
London Terrace Post Office,"234 10th Ave, New York, NY 10011",Manhattan
Madison Square Post Office,"149 E 23rd St, New York, NY 10010",Manhattan
Manhattanville Post Office,"365 W 125th St Ste 2a, New York, NY 10027",Manhattan
Midtown Post Office,"223 W 38th St, New York, NY 10018",Manhattan
Morningside Post Office,"232 W 116th St, New York, NY 10026",Manhattan
Morningside Annex Post Office,"365 W 125th St Ste 2b, New York, NY 10027",Manhattan
Murray Hill Post Office,"115 E 34th St Front 1, New York, NY 10016",Manhattan
Murray Hill Annex Post Office,"205 E 36th St, New York, NY 10016",Manhattan
Old Chelsea Post Office,"217 W 18th St, New York, NY 10011",Manhattan
Parcel Post Annex Post Office,"909 3rd Ave Ste 300, New York, NY 10022",Manhattan
Park West Post Office,"700 Columbus Ave Front 4, New York, NY 10025",Manhattan
Patchin Post Office,"70 W 10th St, New York, NY 10011",Manhattan
Peck Slip Post Office,"114 John St, New York, NY 10038",Manhattan
Peter Stuyvesant Post Office,"335 E 14th St, New York, NY 10009",Manhattan
Pitt Post Office,"185 Clinton St, New York, NY 10002",Manhattan
Planetarium Post Office,"127 W 83rd St, New York, NY 10024",Manhattan
Prince Annex Post Office,"350 Canal St Ste 2b, New York, NY 10013",Manhattan
Radio City Post Office,"322 W 52nd St, New York, NY 10019",Manhattan
Rcu Annex Post Office,"340 W 42nd St Fl 3, New York, NY 10036",Manhattan
Rockefeller Center Post Office,"610 5th Ave Ste Conc1, New York, NY 10020",Manhattan
Roosevelt Island Post Office,"694 Main St, New York, NY 10044",Manhattan
Times Square Post Office,"340 W 42nd St Fl 2, New York, NY 10036",Manhattan
Tompkins Square Post Office,"244 E 3rd St, New York, NY 10009",Manhattan
Triborough New Post Office,"118 E 124th St, New York, NY 10035",Manhattan
Tudor City Ssp Post Office,"5 Tudor City Pl Front 4, New York, NY 10017",Manhattan
Village Post Office,"201 Varick St Front 1, New York, NY 10014",Manhattan
Washington Bridge Post Office,"518 W 181st St, New York, NY 10033",Manhattan
West Village Post Office,"527 Hudson St Front a, New York, NY 10014",Manhattan
Whitehall Post Office,"1 Whitehall St Front 2, New York, NY 10004",Manhattan
Yorkville Post Office,"1617 3rd Ave, New York, NY 10128",Manhattan
Allerton Post Office,"2815 White Plains Rd, Bronx, NY 10467",Bronx
Baychester Post Office,"1525 E Gun Hill Rd, Bronx, NY 10469",Bronx
Botanical Post Office,"2963 Webster Ave, Bronx, NY 10458",Bronx
Boulevard Post Office,"1132 Southern Blvd, Bronx, NY 10459",Bronx
Bronx Post Office,"558 Grand Concourse, Bronx, NY 10451",Bronx
Bronx Gpo Annex Post Office,"1313 Inwood Ave, Bronx, NY 10452",Bronx
Castle Hill Post Office,"1163 Castle Hill Ave, Bronx, NY 10462",Bronx
City Island Post Office,"199 City Island Ave, Bronx, NY 10464",Bronx
Clason Point Post Office,"829 Soundview Ave, Bronx, NY 10473",Bronx
Co Op City Post Office,"3300 Conner St, Bronx, NY 10475",Bronx
Cornell Post Office,"1950 Lafayette Ave, Bronx, NY 10473",Bronx
Cranford Post Office,"690 E 241st St, Bronx, NY 10470",Bronx
Dreiser Loop Post Office,"179 Dreiser Loop, Bronx, NY 10475",Bronx
Einstein Post Office,"127 Einstein Loop, Bronx, NY 10475",Bronx
Esplanade Post Office,"2488 Williamsbridge Rd, Bronx, NY 10469",Bronx
Fieldston Post Office,"444 W 238th St, Bronx, NY 10463",Bronx
Fordham Post Office,"465 E 188th St, Bronx, NY 10458",Bronx
Highbridge Post Office,"1315 Inwood Ave, Bronx, NY 10452",Bronx
Hillside Post Office,"3482 Boston Rd, Bronx, NY 10469",Bronx
Hub Post Office,"633 Saint Anns Ave, Bronx, NY 10455",Bronx
Hunts Point Post Office,"800 Manida St, Bronx, NY 10474",Bronx
Jerome Station Post Office,"2549 Jerome Ave, Bronx, NY 10468",Bronx
Kingsbridge Post Office,"5517 Broadway, Bronx, NY 10463",Bronx
Melcourt Post Office,"860 Melrose Ave Front 2, Bronx, NY 10451",Bronx
Morris Heights Post Office,"2024 Jerome Ave, Bronx, NY 10453",Bronx
Morris Park Post Office,"1807 Williamsbridge Rd Front 1, Bronx, NY 10461",Bronx
Morrisania Post Office,"442 E 167th St, Bronx, NY 10456",Bronx
Mosholu Post Office,"3464 Jerome Ave, Bronx, NY 10467",Bronx
Mott Haven Post Office,"517 E 139th St, Bronx, NY 10454",Bronx
Mount Carmel Post Office,"652 E 187th St Front 1, Bronx, NY 10458",Bronx
Parkchester Post Office,"1449 West Ave, Bronx, NY 10462",Bronx
Parkway Post Office,"2100 White Plains Rd Front 3, Bronx, NY 10462",Bronx
Pilgrim Post Office,"1545 Crosby Ave Front 1, Bronx, NY 10461",Bronx
Riverdale Post Office,"5951 Riverdale Ave, Bronx, NY 10471",Bronx
Soundview Post Office,"1687 Gleason Ave, Bronx, NY 10472",Bronx
Spuyten Duyvil Post Office,"562 Kappock St, Bronx, NY 10463",Bronx
Stadium Post Office,"901 Gerard Ave Front 1, Bronx, NY 10452",Bronx
Throggs Neck Post Office,"3630 E Tremont Ave, Bronx, NY 10465",Bronx
Tremont Post Office,"575 E Tremont Ave, Bronx, NY 10457",Bronx
University Heights Post Office,"1541 Shakespeare Ave Front 1, Bronx, NY 10452",Bronx
Van Cott Post Office,"3102 Decatur Ave, Bronx, NY 10467",Bronx
Wakefield Post Office,"4165 White Plains Rd, Bronx, NY 10466",Bronx
West Farms Post Office,"362 Devoe Ave, Bronx, NY 10460",Bronx
Westchester Post Office,"2619 Ponton Ave, Bronx, NY 10461",Bronx
Williamsbridge Post Office,"711 E Gun Hill Rd, Bronx, NY 10467",Bronx
Woodlawn Post Office,"4364 Katonah Ave, Bronx, NY 10470",Bronx
Arverne Post Office,"329 Beach 59th St, Arverne, NY 11692",Queens
Astoria Post Office,"3011 21st St Ste a, Astoria, NY 11102",Queens
Broadway Post Office,"2117 Broadway, Astoria, NY 11106",Queens
Grand Post Office,"4508 30th Ave Ste a, Astoria, NY 11103",Queens
Steinway Post Office,"4304 Broadway, Astoria, NY 11103",Queens
Bay Terrace Post Office,"21271 26th Ave, Bayside, NY 11360",Queens
Bayside Post Office,"21235 42nd Ave Ste 2, Bayside, NY 11361",Queens
Bayside Annex Post Office,"4129 216th St, Bayside, NY 11361",Queens
Cambria Heights Post Office,"22901 Linden Blvd, Cambria Heights, NY 11411",Queens
College Point Post Office,"12007 15th Ave, College Point, NY 11356",Queens
Corona-a Post Office,"10328 Roosevelt Ave, Corona, NY 11368",Queens
East Elmhurst Post Office,"9107 25th Ave, East Elmhurst, NY 11369",Queens
Trainsmeadow Post Office,"7577 31st Ave, East Elmhurst, NY 11370",Queens
Elmhurst Post Office,"5901 Junction Blvd, Elmhurst, NY 11373",Queens
Far Rockaway Post Office,"1836 Mott Ave, Far Rockaway, NY 11691",Queens
Flushing Post Office,"4165 Main St Ste 1, Flushing, NY 11355",Queens
Kew Gardens Hills Post Office,"7523 Main St, Flushing, NY 11367",Queens
Linden Hill Post Office,"2950 Union St Ste a, Flushing, NY 11354",Queens
Station a Post Office,"4003 164th St, Flushing, NY 11358",Queens
Forest Hills Post Office,"10628 Queens Blvd, Forest Hills, NY 11375",Queens
Parkside Post Office,"10119 Metropolitan Ave, Forest Hills, NY 11375",Queens
Fresh Meadows Post Office,"19220 Horace Harding Expy, Fresh Meadows, NY 11365",Queens
Fresh Meadows 2 Post Office,"19304 Horace Harding Expy Ste a, Fresh Meadows, NY 11365",Queens
Pomonok Post Office,"15805 71st Ave, Fresh Meadows, NY 11365",Queens
Utopia Post Office,"18204 Union Turnpike, Fresh Meadows, NY 11366",Queens
Glen Oaks Post Office,"25629 Union Turnpike, Glen Oaks, NY 11004",Queens
Hollis Post Office,"19740 Jamaica Ave, Hollis, NY 11423",Queens
Holliswood Post Office,"19733 Hillside Ave, Hollis, NY 11423",Queens
Howard Beach Post Office,"16050 Crossbay Blvd, Howard Beach, NY 11414",Queens
Station B Post Office,"10212 159th Ave, Howard Beach, NY 11414",Queens
Jackson Heights Post Office,"7802 37th Ave, Jackson Heights, NY 11372",Queens
Junction Boulevard Post Office,"3323 Junction Blvd Ste 1, Jackson Heights, NY 11372",Queens
Archer Ave Post Office,"9703 Sutphin Blvd, Jamaica, NY 11435",Queens
Borough Hall Post Office,"12055 Queens Blvd Ste 8, Jamaica, NY 11424",Queens
Briarwood Post Office,"13869 Queens Blvd, Jamaica, NY 11435",Queens
Jamaica Post Office,"8840 164th St, Jamaica, NY 11432",Queens
John F Kennedy Airport Post Office,"250 N Boundary Rd Ste 1, Jamaica, NY 11430",Queens
Rochdale Carrier Annex Post Office,"12045 168th St, Jamaica, NY 11434",Queens
Rochdale Village Post Office,"165100 Baisley Blvd, Jamaica, NY 11434",Queens
Kew Gardens Post Office,"8330 Austin St, Kew Gardens, NY 11415",Queens
Horace Harding Post Office,"5601 Marathon Pkwy, Little Neck, NY 11362",Queens
Little Neck Post Office,"25010 Northern Blvd, Little Neck, NY 11362",Queens
Long Island City Post Office,"4602 21st St, Long Island City, NY 11101",Queens
Plaza Post Office,"4254 23rd St, Long Island City, NY 11101",Queens
Woolsey Post Office,"2268 31st St, Long Island City, NY 11105",Queens
Maspeth Post Office,"5502 69th St, Maspeth, NY 11378",Queens
Middle Village Post Office,"7135 Metropolitan Ave, Middle Village, NY 11379",Queens
Oakland Gardens Post Office,"6143 Springfield Blvd, Oakland Gardens, NY 11364",Queens
Ozone Park Post Office,"9111 Liberty Ave, Ozone Park, NY 11417",Queens
Queens Village Post Office,"20920 Jamaica Ave, Queens Village, NY 11428",Queens
Rego Park Post Office,"9224 Queens Blvd, Rego Park, NY 11374",Queens
Richmond Hill Post Office,"12201 Jamaica Ave, Richmond Hill, NY 11418",Queens
Rockaway Beach Post Office,"9014 Rockaway Beach Blvd, Rockaway Beach, NY 11693",Queens
Rockaway Park Post Office,"11325 Beach Channel Dr, Rockaway Park, NY 11694",Queens
Rosedale Post Office,"14506 243rd St, Rosedale, NY 11422",Queens
Saint Albans Post Office,"19504 Linden Blvd, Saint Albans, NY 11412",Queens
South Ozone Park Post Office,"12615 Foch Blvd, South Ozone Park, NY 11420",Queens
South Richmond Hill Post Office,"11704 101st Ave, South Richmond Hill, NY 11419",Queens
Springfield Gardens Post Office,"21810 Merrick Blvd, Springfield Gardens, NY 11413",Queens
Sunnyside Post Office,"4515 44th St, Sunnyside, NY 11104",Queens
Whitestone Post Office,"1444 150th St, Whitestone, NY 11357",Queens
Woodhaven Post Office,"8642 Forest Pkwy, Woodhaven, NY 11421",Queens
Woodside Post Office,"3925 61st St, Woodside, NY 11377",Queens